{
  "n_bootstrap": 10000,
  "overall_auc": {
    "point_estimate": 0.9815416930672428,
    "mean": 0.9815336377463245,
    "ci_lower": 0.979392029492061,
    "ci_upper": 0.9835946227898861
  },
  "per_pair_drone_closer_rate": {
    "point_estimate": 0.98551516807871,
    "mean": 0.9815610822629133,
    "ci_lower": 0.9770429078983329,
    "ci_upper": 0.9857884667942061
  },
  "per_type": {
    "DJI FPV COMBO": {
      "mean": 0.9724448045326444,
      "ci_lower": 0.968913446590672,
      "ci_upper": 0.9757025360618798
    },
    "FUTABA-T10J": {
      "mean": 0.9983764157687929,
      "ci_lower": 0.997581939841704,
      "ci_upper": 0.999048582617357
    },
    "FUTABA-T14SG": {
      "mean": 0.9696179431675522,
      "ci_lower": 0.9643627531283445,
      "ci_upper": 0.9746178346128194
    },
    "JR PROPO XG7": {
      "mean": 0.9998177220299008,
      "ci_lower": 0.999619153178869,
      "ci_upper": 0.999956980757746
    },
    "JUMPER-T14": {
      "mean": 0.999900133709491,
      "ci_lower": 0.9997571887906151,
      "ci_upper": 0.999997822320992
    },
    "RadioMaster BOXER": {
      "mean": 1.0,
      "ci_lower": 0.9999999999999999,
      "ci_upper": 1.0
    },
    "WFLY ET10": {
      "mean": 1.0,
      "ci_lower": 0.9999999999999999,
      "ci_upper": 1.0
    }
  }
}